example,percentile,time_seconds,axis,target,metadata,content,residual,sam
A,25,0,valence,128.0,131.0,128.60000610351562,128.60000610351562,129.11392211914062
A,25,0,arousal,128.0,128.0,128.0,128.0,132.69236755371094
A,25,1,valence,128.0,134.45372009277344,129.29074096679688,129.29074096679688,129.52059936523438
A,25,1,arousal,128.0,128.0,128.0,128.0,132.7733612060547
A,25,2,valence,159.0,137.0049591064453,129.80384826660156,129.80384826660156,130.17233276367188
A,25,2,arousal,128.0,128.42974853515625,128.0,128.0,132.87884521484375
A,25,3,valence,171.0,139.05029296875,130.2489776611328,130.2489776611328,131.0680694580078
A,25,3,arousal,128.0,129.4541473388672,128.0,128.0,133.12969970703125
A,25,4,valence,174.0,141.66116333007812,130.91343688964844,130.91343688964844,132.20664978027344
A,25,4,arousal,152.0,131.05165100097656,128.0,128.0,133.50338745117188
A,25,5,valence,195.0,144.7001190185547,131.76113891601562,131.76113891601562,133.59976196289062
A,25,5,arousal,195.0,132.74703979492188,128.0,128.0,133.9879150390625
A,25,6,valence,195.0,149.3217315673828,132.7301025390625,132.7301025390625,135.21453857421875
A,25,6,arousal,213.0,135.06788635253906,128.00001525878906,128.00001525878906,134.460205078125
A,25,7,valence,195.0,153.79132080078125,133.63319396972656,133.63319396972656,137.05770874023438
A,25,7,arousal,213.0,137.38873291015625,128.00001525878906,128.00001525878906,135.03509521484375
A,25,8,valence,195.0,158.40435791015625,139.6930389404297,139.6930389404297,139.14352416992188
A,25,8,arousal,213.0,140.1094970703125,128.00001525878906,128.00001525878906,135.78518676757812
A,25,9,valence,195.0,163.1245574951172,156.95162963867188,156.95162963867188,141.52731323242188
A,25,9,arousal,213.0,142.80874633789062,128.00001525878906,128.00001525878906,136.68710327148438
A,25,10,valence,195.0,167.8199462890625,158.57176208496094,158.57176208496094,144.23129272460938
A,25,10,arousal,213.0,144.966064453125,128.00003051757812,128.00003051757812,137.94346618652344
A,25,11,valence,195.0,171.34414672851562,164.01905822753906,164.01905822753906,147.29470825195312
A,25,11,arousal,213.0,147.4383087158203,128.09092712402344,128.09092712402344,139.46231079101562
A,25,12,valence,195.0,173.76092529296875,164.51516723632812,164.51516723632812,150.6317901611328
A,25,12,arousal,213.0,150.12869262695312,128.25001525878906,128.25001525878906,141.25418090820312
A,25,13,valence,195.0,176.1189422607422,166.180908203125,166.180908203125,153.9521484375
A,25,13,arousal,213.0,152.80609130859375,131.00001525878906,131.00001525878906,143.42605590820312
A,25,14,valence,195.0,178.55490112304688,166.56492614746094,166.56492614746094,157.1236572265625
A,25,14,arousal,213.0,155.163818359375,131.88845825195312,131.88845825195312,145.9015350341797
A,25,15,valence,195.0,180.36807250976562,167.9674072265625,167.9674072265625,160.1072998046875
A,25,15,arousal,213.0,157.31051635742188,135.0888671875,135.0888671875,148.71685791015625
A,25,16,valence,195.0,181.84918212890625,171.87867736816406,171.87867736816406,162.8961181640625
A,25,16,arousal,213.0,159.3243865966797,143.50001525878906,143.50001525878906,152.15069580078125
A,25,17,valence,195.0,182.97991943359375,172.6925048828125,172.6925048828125,165.49884033203125
A,25,17,arousal,213.0,161.64108276367188,144.057861328125,144.057861328125,155.87281799316406
A,25,18,valence,195.0,183.954833984375,172.50181579589844,172.50181579589844,167.92974853515625
A,25,18,arousal,213.0,164.1428680419922,144.89462280273438,144.89462280273438,159.86952209472656
A,25,19,valence,195.0,185.00619506835938,176.37783813476562,176.37783813476562,170.21368408203125
A,25,19,arousal,213.0,166.4474639892578,154.4028778076172,154.4028778076172,164.04458618164062
A,25,20,valence,195.0,185.90554809570312,176.65231323242188,176.65231323242188,172.26812744140625
A,25,20,arousal,213.0,168.41793823242188,155.91734313964844,155.91734313964844,168.19027709960938
A,25,21,valence,195.0,186.82940673828125,176.83761596679688,176.83761596679688,174.0911407470703
A,25,21,arousal,213.0,170.70159912109375,155.99998474121094,155.99998474121094,172.10189819335938
A,25,22,valence,195.0,187.51296997070312,179.2306671142578,179.2306671142578,175.70895385742188
A,25,22,arousal,213.0,172.53570556640625,158.25001525878906,158.25001525878906,175.63702392578125
A,25,23,valence,195.0,188.3594970703125,179.3461151123047,179.3461151123047,177.03793334960938
A,25,23,arousal,213.0,173.45748901367188,158.25001525878906,158.25001525878906,178.5997772216797
A,25,24,valence,195.0,189.93801879882812,179.72117614746094,179.72117614746094,178.26084899902344
A,25,24,arousal,220.0,174.24880981445312,156.00001525878906,156.00001525878906,181.2472686767578
A,25,25,valence,195.0,191.30813598632812,181.16134643554688,181.16134643554688,179.47940063476562
A,25,25,arousal,223.0,174.94717407226562,158.70872497558594,158.70872497558594,183.596923828125
A,25,26,valence,195.0,192.47903442382812,184.41641235351562,184.41641235351562,180.70217895507812
A,25,26,arousal,223.0,176.0129852294922,162.65704345703125,162.65704345703125,185.63925170898438
A,25,27,valence,195.0,193.57850646972656,184.63690185546875,184.63690185546875,181.8593292236328
A,25,27,arousal,223.0,177.189208984375,163.00003051757812,163.00003051757812,187.3170166015625
A,25,28,valence,195.0,194.4456787109375,184.83261108398438,184.83261108398438,182.97216796875
A,25,28,arousal,223.0,178.25177001953125,163.75003051757812,163.75003051757812,188.4984893798828
A,25,29,valence,195.0,195.05990600585938,184.37770080566406,184.37770080566406,184.01519775390625
A,25,29,arousal,223.0,180.11422729492188,164.25416564941406,164.25416564941406,189.38365173339844
A,25,30,valence,195.0,195.73287963867188,184.51229858398438,184.51229858398438,184.9442901611328
A,25,30,arousal,198.0,182.4371337890625,164.7500457763672,164.7500457763672,190.047607421875
A,25,31,valence,197.0,196.5977020263672,186.38790893554688,186.38790893554688,185.7745361328125
A,25,31,arousal,184.0,184.56021118164062,167.97317504882812,167.97317504882812,190.53958129882812
A,25,32,valence,197.0,197.55076599121094,186.70257568359375,186.70257568359375,186.5142822265625
A,25,32,arousal,184.0,186.6452178955078,168.50003051757812,168.50003051757812,190.96095275878906
A,25,33,valence,197.0,199.12986755371094,189.5406494140625,189.5406494140625,187.1299285888672
A,25,33,arousal,184.0,188.347412109375,170.25003051757812,170.25003051757812,191.18003845214844
A,25,34,valence,197.0,200.49143981933594,198.70965576171875,198.70965576171875,187.70892333984375
A,25,34,arousal,184.0,189.5091552734375,170.25003051757812,170.25003051757812,191.31460571289062
A,25,35,valence,197.0,201.861572265625,199.3367919921875,199.3367919921875,188.2115478515625
A,25,35,arousal,184.0,190.52685546875,171.75003051757812,171.75003051757812,191.59771728515625
A,25,36,valence,197.0,203.03599548339844,200.2431640625,200.2431640625,188.63949584960938
A,25,36,arousal,184.0,191.24911499023438,171.75003051757812,171.75003051757812,191.87936401367188
A,25,37,valence,197.0,204.26475524902344,200.46444702148438,200.46444702148438,189.01510620117188
A,25,37,arousal,184.0,191.53778076171875,174.00003051757812,174.00003051757812,192.14141845703125
A,25,38,valence,197.0,205.70867919921875,200.8854522705078,200.8854522705078,189.36935424804688
A,25,38,arousal,184.0,191.68359375,174.0372314453125,174.0372314453125,192.26783752441406
A,25,39,valence,197.0,206.89254760742188,201.22833251953125,201.22833251953125,189.64697265625
A,25,39,arousal,184.0,191.79367065429688,177.50001525878906,177.50001525878906,192.3807830810547
A,25,40,valence,197.0,207.88015747070312,202.36614990234375,202.36614990234375,189.88751220703125
A,25,40,arousal,184.0,192.9394989013672,177.7169647216797,177.7169647216797,192.38357543945312
A,25,41,valence,197.0,208.532470703125,209.1194610595703,209.1194610595703,190.10728454589844
A,25,41,arousal,184.0,193.89727783203125,186.5,186.5,192.3032684326172
A,25,42,valence,197.0,209.37396240234375,204.83770751953125,204.83770751953125,190.30126953125
A,25,42,arousal,184.0,194.559326171875,188.75,188.75,192.03260803222656
A,25,43,valence,197.0,210.05548095703125,210.30722045898438,210.30722045898438,190.5032196044922
A,25,43,arousal,184.0,195.07142639160156,189.0,189.0,191.68136596679688
A,25,44,valence,197.0,210.88311767578125,211.06532287597656,211.06532287597656,190.73123168945312
A,25,44,arousal,184.0,195.66232299804688,189.75,189.75,191.38229370117188
A,25,45,valence,197.0,211.572021484375,211.20310974121094,211.20310974121094,190.95504760742188
A,25,45,arousal,184.0,196.53512573242188,189.75,189.75,191.14013671875
A,25,46,valence,197.0,212.18948364257812,211.32659912109375,211.32659912109375,191.1846466064453
A,25,46,arousal,208.0,197.54278564453125,189.5,189.5,190.8450927734375
A,25,47,valence,197.0,212.6077423095703,212.59686279296875,212.59686279296875,191.42562866210938
A,25,47,arousal,208.0,198.00413513183594,189.66116333007812,189.66116333007812,190.616943359375
A,25,48,valence,197.0,213.09710693359375,214.310791015625,214.310791015625,191.62171936035156
A,25,48,arousal,208.0,198.60980224609375,189.5,189.5,190.39146423339844
A,25,49,valence,197.0,213.44363403320312,213.0140380859375,213.0140380859375,191.7970428466797
A,25,49,arousal,208.0,199.22195434570312,189.5,189.5,190.30294799804688
A,25,50,valence,197.0,213.94126892089844,214.447265625,214.447265625,192.02297973632812
A,25,50,arousal,208.0,199.70660400390625,189.5,189.5,190.36329650878906
A,25,51,valence,197.0,214.00296020507812,214.45960998535156,214.45960998535156,192.25204467773438
A,25,51,arousal,208.0,200.18328857421875,189.5,189.5,190.66500854492188
A,25,52,valence,197.0,214.24676513671875,212.13803100585938,212.13803100585938,192.52525329589844
A,25,52,arousal,208.0,200.66587829589844,191.0,191.0,191.17515563964844
A,25,53,valence,197.0,214.47402954101562,216.134033203125,216.134033203125,192.91200256347656
A,25,53,arousal,208.0,201.2196044921875,191.0,191.0,191.84715270996094
A,25,54,valence,197.0,214.55844116210938,215.9918212890625,215.9918212890625,193.34375
A,25,54,arousal,208.0,201.59031677246094,191.74998474121094,191.74998474121094,192.606201171875
A,25,55,valence,197.0,214.82142639160156,215.81698608398438,215.81698608398438,193.82090759277344
A,25,55,arousal,208.0,201.782470703125,190.99996948242188,190.99996948242188,193.3895263671875
A,25,56,valence,197.0,215.0360107421875,217.04641723632812,217.04641723632812,194.34228515625
A,25,56,arousal,208.0,201.61688232421875,190.99996948242188,190.99996948242188,194.3287353515625
A,25,57,valence,197.0,215.1351776123047,217.06625366210938,217.06625366210938,194.90972900390625
A,25,57,arousal,208.0,201.51947021484375,190.84707641601562,190.84707641601562,195.338623046875
A,25,58,valence,197.0,215.388427734375,216.32872009277344,216.32872009277344,195.4778289794922
A,25,58,arousal,208.0,201.22254943847656,191.25,191.25,196.4351043701172
A,25,59,valence,197.0,215.09681701660156,216.2734375,216.2734375,196.09544372558594
A,25,59,arousal,208.0,200.3001708984375,191.25001525878906,191.25001525878906,197.6739501953125
A,25,60,valence,197.0,214.89935302734375,216.23394775390625,216.23394775390625,196.74752807617188
A,25,60,arousal,208.0,199.41439819335938,191.25001525878906,191.25001525878906,198.96286010742188
A,25,61,valence,197.0,215.0103302001953,215.38558959960938,215.38558959960938,197.3922119140625
A,25,61,arousal,208.0,198.90200805664062,188.50003051757812,188.50003051757812,200.35557556152344
A,25,62,valence,197.0,214.81671142578125,215.7094268798828,215.7094268798828,198.04737854003906
A,25,62,arousal,208.0,199.06317138671875,187.75003051757812,187.75003051757812,201.7877197265625
A,25,63,valence,197.0,214.62307739257812,216.23365783691406,216.23365783691406,198.6488037109375
A,25,63,arousal,208.0,199.32142639160156,187.9979705810547,187.9979705810547,203.07110595703125
A,25,64,valence,197.0,214.36953735351562,216.18487548828125,216.18487548828125,199.1353759765625
A,25,64,arousal,208.0,199.65939331054688,191.25001525878906,191.25001525878906,204.3541259765625
A,25,65,valence,197.0,213.8196563720703,213.70455932617188,213.70455932617188,199.54345703125
A,25,65,arousal,208.0,199.52125549316406,190.50001525878906,190.50001525878906,205.6519012451172
A,25,66,valence,197.0,213.28895568847656,215.60960388183594,215.60960388183594,199.87481689453125
A,25,66,arousal,208.0,199.27597045898438,190.00003051757812,190.00003051757812,206.96209716796875
A,25,67,valence,197.0,212.97608947753906,211.5605926513672,211.5605926513672,200.1282958984375
A,25,67,arousal,208.0,198.8034210205078,187.75003051757812,187.75003051757812,208.19656372070312
A,25,68,valence,197.0,212.994384765625,211.5642547607422,211.5642547607422,200.30267333984375
A,25,68,arousal,208.0,198.3665771484375,187.75003051757812,187.75003051757812,209.4551544189453
A,25,69,valence,197.0,213.55313110351562,213.65126037597656,213.65126037597656,200.41986083984375
A,25,69,arousal,208.0,198.22991943359375,187.75003051757812,187.75003051757812,210.5178985595703
A,25,70,valence,197.0,214.46694946289062,213.84886169433594,213.84886169433594,200.468994140625
A,25,70,arousal,208.0,198.51327514648438,187.75003051757812,187.75003051757812,211.48974609375
A,25,71,valence,197.0,215.21456909179688,214.1959228515625,214.1959228515625,200.462890625
A,25,71,arousal,208.0,198.796630859375,187.7500457763672,187.7500457763672,212.40505981445312
A,25,72,valence,197.0,215.37957763671875,210.08596801757812,210.08596801757812,200.4154052734375
A,25,72,arousal,208.0,199.17857360839844,187.75006103515625,187.75006103515625,213.268310546875
A,25,73,valence,197.0,215.36599731445312,210.09051513671875,210.09051513671875,200.33279418945312
A,25,73,arousal,208.0,199.5501708984375,187.75006103515625,187.75006103515625,214.1905517578125
A,25,74,valence,197.0,215.55401611328125,208.94296264648438,208.94296264648438,200.2446746826172
A,25,74,arousal,208.0,199.85418701171875,187.7500457763672,187.7500457763672,215.14398193359375
A,25,75,valence,197.0,215.44390869140625,208.92837524414062,208.92837524414062,200.18231201171875
A,25,75,arousal,195.0,200.158203125,187.7500457763672,187.7500457763672,216.00311279296875
A,25,76,valence,197.0,215.27174377441406,208.89393615722656,208.89393615722656,200.1475830078125
A,25,76,arousal,195.0,200.4145965576172,187.7500457763672,187.7500457763672,216.81546020507812
A,25,77,valence,197.0,215.20843505859375,208.89610290527344,208.89610290527344,200.14700317382812
A,25,77,arousal,180.0,200.67337036132812,187.7500457763672,187.7500457763672,217.5778350830078
A,25,78,valence,197.0,215.3062286376953,208.91566467285156,208.91566467285156,200.18832397460938
A,25,78,arousal,180.0,200.96310424804688,187.0000457763672,187.0000457763672,218.19268798828125
A,25,79,valence,197.0,215.44998168945312,206.5740966796875,206.5740966796875,200.27171325683594
A,25,79,arousal,190.0,201.05282592773438,186.2500457763672,186.2500457763672,218.70346069335938
A,25,80,valence,197.0,215.74069213867188,207.08575439453125,207.08575439453125,200.3944091796875
A,25,80,arousal,190.0,201.14256286621094,186.2500457763672,186.2500457763672,219.13490295410156
A,25,81,valence,197.0,216.03143310546875,207.35765075683594,207.35765075683594,200.56344604492188
A,25,81,arousal,190.0,201.2322998046875,186.2500457763672,186.2500457763672,219.5227508544922
A,25,82,valence,197.0,216.17930603027344,207.73800659179688,207.73800659179688,200.7784423828125
A,25,82,arousal,190.0,200.92916870117188,186.25006103515625,186.25006103515625,219.85263061523438
A,25,83,valence,197.0,216.12086486816406,205.35897827148438,205.35897827148438,201.0330810546875
A,25,83,arousal,190.0,200.5,178.00006103515625,178.00006103515625,220.14840698242188
A,25,84,valence,197.0,216.2389373779297,203.60610961914062,203.60610961914062,201.33682250976562
A,25,84,arousal,190.0,200.0661163330078,178.00006103515625,178.00006103515625,220.45199584960938
A,25,85,valence,197.0,216.42311096191406,207.79098510742188,207.79098510742188,201.68966674804688
A,25,85,arousal,190.0,199.7373046875,178.00006103515625,178.00006103515625,220.7678680419922
A,25,86,valence,197.0,216.5760040283203,207.85865783691406,207.85865783691406,202.08160400390625
A,25,86,arousal,190.0,199.74911499023438,178.75006103515625,178.75006103515625,221.18414306640625
A,25,87,valence,197.0,216.6993865966797,207.88333129882812,207.88333129882812,202.5096435546875
A,25,87,arousal,190.0,200.0546112060547,186.50624084472656,186.50624084472656,221.68844604492188
A,25,88,valence,197.0,216.722412109375,207.887939453125,207.887939453125,202.93704223632812
A,25,88,arousal,190.0,200.4805145263672,186.7500457763672,186.7500457763672,222.25436401367188
A,25,89,valence,197.0,216.86172485351562,207.91580200195312,207.91580200195312,203.35317993164062
A,25,89,arousal,190.0,201.29928588867188,188.50006103515625,188.50006103515625,222.88510131835938
A,25,90,valence,197.0,216.73155212402344,207.8897705078125,207.8897705078125,203.75987243652344
A,25,90,arousal,190.0,201.67501831054688,188.50006103515625,188.50006103515625,223.53366088867188
A,25,91,valence,197.0,216.35137939453125,201.9027862548828,201.9027862548828,204.16488647460938
A,25,91,arousal,190.0,201.9763946533203,180.25006103515625,180.25006103515625,224.1264190673828
A,25,92,valence,197.0,215.97122192382812,201.86386108398438,201.86386108398438,204.55459594726562
A,25,92,arousal,190.0,201.9176483154297,180.25006103515625,180.25006103515625,224.69064331054688
A,25,93,valence,197.0,215.9481964111328,201.86666870117188,201.86666870117188,204.9104766845703
A,25,93,arousal,190.0,201.50177001953125,180.25006103515625,180.25006103515625,225.24176025390625
A,25,94,valence,197.0,215.9251708984375,207.78640747070312,207.78640747070312,205.20669555664062
A,25,94,arousal,190.0,200.67147827148438,180.2500762939453,180.2500762939453,225.6392059326172
A,25,95,valence,197.0,215.8422393798828,207.768798828125,207.768798828125,205.41502380371094
A,25,95,arousal,190.0,199.81521606445312,180.2500762939453,180.2500762939453,225.94622802734375
A,25,96,valence,197.0,215.69378662109375,207.73912048339844,207.73912048339844,205.55471801757812
A,25,96,arousal,190.0,198.9734344482422,178.0000762939453,178.0000762939453,226.14976501464844
A,25,97,valence,197.0,215.90245056152344,208.37342834472656,208.37342834472656,205.62062072753906
A,25,97,arousal,190.0,198.63784790039062,178.0000762939453,178.0000762939453,226.15887451171875
A,25,98,valence,197.0,216.1111297607422,208.4151611328125,208.4151611328125,205.62255859375
A,25,98,arousal,190.0,198.29605102539062,178.0000762939453,178.0000762939453,226.05657958984375
A,25,99,valence,197.0,216.31979370117188,208.45689392089844,208.45689392089844,205.6094207763672
A,25,99,arousal,190.0,198.32467651367188,178.0000762939453,178.0000762939453,225.85595703125
A,25,100,valence,197.0,216.1878662109375,211.38539123535156,211.38539123535156,205.5875244140625
A,25,100,arousal,190.0,198.3975830078125,184.75006103515625,184.75006103515625,225.42572021484375
A,25,101,valence,197.0,216.08929443359375,211.35638427734375,211.35638427734375,205.55406188964844
A,25,101,arousal,190.0,198.47048950195312,179.00006103515625,179.00006103515625,224.96237182617188
A,25,102,valence,197.0,216.125,211.363525390625,211.363525390625,205.5067901611328
A,25,102,arousal,190.0,198.54339599609375,179.00006103515625,179.00006103515625,224.41790771484375
A,25,103,valence,197.0,216.02581787109375,210.1585235595703,210.1585235595703,205.49395751953125
A,25,103,arousal,190.0,198.7012939453125,185.7500457763672,185.7500457763672,223.76974487304688
A,25,104,valence,197.0,215.875,211.3061065673828,211.3061065673828,205.52801513671875
A,25,104,arousal,190.0,198.8674774169922,185.7500457763672,185.7500457763672,223.120361328125
A,25,105,valence,197.0,215.875,211.3061065673828,211.3061065673828,205.66387939453125
A,25,105,arousal,192.0,199.02862548828125,185.7500457763672,185.7500457763672,222.5277099609375
A,25,106,valence,197.0,215.93344116210938,211.32351684570312,211.32351684570312,205.91763305664062
A,25,106,arousal,205.0,199.52716064453125,188.0000457763672,188.0000457763672,221.84893798828125
A,25,107,valence,197.0,216.1866912841797,211.3853302001953,211.3853302001953,206.25120544433594
A,25,107,arousal,208.0,200.13723754882812,188.0000457763672,188.0000457763672,221.17913818359375
A,25,108,valence,197.0,216.43994140625,211.0406951904297,211.0406951904297,206.67022705078125
A,25,108,arousal,208.0,200.83766174316406,189.89675903320312,189.89675903320312,220.57308959960938
A,25,109,valence,197.0,216.80032348632812,211.44378662109375,211.44378662109375,207.11581420898438
A,25,109,arousal,208.0,201.5879669189453,190.2500457763672,190.2500457763672,219.9467010498047
A,25,110,valence,197.0,217.16070556640625,211.52703857421875,211.52703857421875,207.5611572265625
A,25,110,arousal,208.0,202.32467651367188,190.72731018066406,190.72731018066406,219.46768188476562
A,25,111,valence,197.0,217.66395568847656,211.63473510742188,211.63473510742188,207.99745178222656
A,25,111,arousal,208.0,202.80844116210938,191.0000457763672,191.0000457763672,219.02838134765625
A,25,112,valence,197.0,218.0461883544922,211.76754760742188,211.76754760742188,208.4347381591797
A,25,112,arousal,208.0,203.1883087158203,191.0000457763672,191.0000457763672,218.58460998535156
A,25,113,valence,197.0,218.31686401367188,211.76974487304688,211.76974487304688,208.8798370361328
A,25,113,arousal,208.0,203.47962951660156,191.0000457763672,191.0000457763672,218.26939392089844
A,25,114,valence,197.0,218.70941162109375,211.9001922607422,211.9001922607422,209.2577667236328
A,25,114,arousal,208.0,203.60537719726562,191.0000457763672,191.0000457763672,218.00033569335938
A,25,115,valence,206.0,219.09873962402344,212.0077362060547,212.0077362060547,209.57330322265625
A,25,115,arousal,208.0,203.6310577392578,191.0000457763672,191.0000457763672,217.75851440429688
A,25,116,valence,206.0,219.21620178222656,212.03123474121094,212.03123474121094,209.79702758789062
A,25,116,arousal,208.0,203.573486328125,188.75006103515625,188.75006103515625,217.52784729003906
A,25,117,valence,206.0,219.29855346679688,212.04769897460938,212.04769897460938,209.92178344726562
A,25,117,arousal,208.0,203.49586486816406,188.4401397705078,188.4401397705078,217.27764892578125
A,25,118,valence,206.0,219.29055786132812,212.0460968017578,212.0460968017578,209.9561309814453
A,25,118,arousal,208.0,203.49691772460938,188.0000762939453,188.0000762939453,217.06187438964844
A,25,119,valence,206.0,219.27981567382812,212.0439453125,212.0439453125,209.88490295410156
A,25,119,arousal,208.0,203.6395263671875,188.0000762939453,188.0000762939453,216.8812255859375
A,25,120,valence,206.0,219.26611328125,212.03945922851562,212.03945922851562,209.81259155273438
A,25,120,arousal,208.0,203.79409790039062,190.70254516601562,190.70254516601562,216.79193115234375
A,25,121,valence,206.0,219.25,212.01820373535156,212.01820373535156,209.74551391601562
A,25,121,arousal,208.0,204.33929443359375,191.00006103515625,191.00006103515625,216.71437072753906
B,50,0,valence,128.0,128.0,128.0,128.0,128.48895263671875
B,50,0,arousal,128.0,128.0,128.0,128.0,126.2508316040039
B,50,1,valence,128.0,128.0,128.0,128.0,128.19454956054688
B,50,1,arousal,128.0,128.0,128.0,128.0,126.21775817871094
B,50,2,valence,128.0,128.0,128.0,128.0,127.87211608886719
B,50,2,arousal,128.0,128.0,128.0,128.0,126.1885986328125
B,50,3,valence,128.0,128.0,128.0,128.0,127.51885223388672
B,50,3,arousal,128.0,128.0,128.0,128.0,126.14960479736328
B,50,4,valence,128.0,128.0,128.0,128.0,127.13155364990234
B,50,4,arousal,128.0,128.0,128.0,128.0,126.10195922851562
B,50,5,valence,125.0,128.0,128.0,128.0,126.70343780517578
B,50,5,arousal,128.0,128.0,128.0,128.0,126.0460205078125
B,50,6,valence,109.0,128.0,128.0,128.0,126.23632049560547
B,50,6,arousal,128.0,128.0,128.0,128.0,125.98773956298828
B,50,7,valence,83.0,128.0,128.0,128.0,125.77751159667969
B,50,7,arousal,128.0,128.0,128.0,128.0,125.94855499267578
B,50,8,valence,83.0,128.0,128.0,128.0,125.32714080810547
B,50,8,arousal,128.0,128.0,128.0,128.0,125.91742706298828
B,50,9,valence,83.0,128.0,128.0,128.0,124.885009765625
B,50,9,arousal,128.0,128.0,128.0,128.0,125.8850326538086
B,50,10,valence,76.0,128.0,128.0,128.0,124.45210266113281
B,50,10,arousal,153.0,128.0,128.0,128.0,125.84403228759766
B,50,11,valence,76.0,128.0,128.0,128.0,124.01333618164062
B,50,11,arousal,153.0,128.0,128.0,128.0,125.78509521484375
B,50,12,valence,72.0,128.0,128.0,128.0,123.53917694091797
B,50,12,arousal,158.0,128.0,128.0,128.0,125.72003173828125
B,50,13,valence,72.0,128.0,128.0,128.0,123.02962493896484
B,50,13,arousal,158.0,128.0,128.0,128.0,125.64970397949219
B,50,14,valence,72.0,128.0,128.0,128.0,122.48551177978516
B,50,14,arousal,158.0,128.0,128.0,128.0,125.58120727539062
B,50,15,valence,72.0,128.0,128.0,128.0,121.9068374633789
B,50,15,arousal,158.0,128.0,128.0,128.0,125.5421142578125
B,50,16,valence,72.0,128.0,128.0,128.0,121.29783630371094
B,50,16,arousal,165.0,128.0,128.0,128.0,125.5054931640625
B,50,17,valence,64.0,128.0,128.0,128.0,120.656982421875
B,50,17,arousal,175.0,128.0,128.0,128.0,125.50328826904297
B,50,18,valence,64.0,128.0,128.0,128.0,119.95842742919922
B,50,18,arousal,175.0,128.0,128.0,128.0,125.49803161621094
B,50,19,valence,64.0,128.0,128.0,128.0,119.19882202148438
B,50,19,arousal,175.0,128.0,128.0,128.0,125.52745056152344
B,50,20,valence,64.0,128.0,128.0,128.0,118.36620330810547
B,50,20,arousal,175.0,128.0,128.0,128.0,125.57380676269531
B,50,21,valence,64.0,128.0,128.0,128.0,117.45791625976562
B,50,21,arousal,175.0,128.0,128.0,128.0,125.60353088378906
B,50,22,valence,64.0,128.0,128.0,128.0,116.34797668457031
B,50,22,arousal,175.0,128.0,128.0,128.0,125.64215850830078
B,50,23,valence,64.0,128.0,128.0,128.0,115.18355560302734
B,50,23,arousal,175.0,128.0,128.0,128.0,125.68304443359375
B,50,24,valence,64.0,128.0,128.0,128.0,113.94856262207031
B,50,24,arousal,175.0,128.0,128.0,128.0,125.7169189453125
B,50,25,valence,64.0,128.0,128.0,128.0,112.63472747802734
B,50,25,arousal,175.0,128.0,128.0,128.0,125.71502685546875
B,50,26,valence,64.0,128.0,128.0,128.0,111.22891998291016
B,50,26,arousal,175.0,128.0,128.0,128.0,125.61094665527344
B,50,27,valence,64.0,127.93494415283203,127.98699188232422,127.98699188232422,109.72151184082031
B,50,27,arousal,175.0,128.0,128.0,128.0,125.41108703613281
B,50,28,valence,57.0,127.72427368164062,127.94485473632812,127.94485473632812,108.11238861083984
B,50,28,arousal,175.0,128.0,128.0,128.0,125.01502227783203
B,50,29,valence,53.0,127.51361083984375,127.90272521972656,127.90272521972656,106.36432647705078
B,50,29,arousal,175.0,128.0,128.0,128.0,124.43169403076172
B,50,30,valence,44.0,127.30294036865234,119.06058502197266,119.06058502197266,104.46124267578125
B,50,30,arousal,175.0,128.0,128.0,128.0,123.57862854003906
B,50,31,valence,44.0,126.06084442138672,118.81216430664062,118.81216430664062,102.34428405761719
B,50,31,arousal,175.0,128.0,128.0,128.0,122.51737213134766
B,50,32,valence,44.0,124.81875610351562,118.56375122070312,118.56375122070312,99.95501708984375
B,50,32,arousal,175.0,128.0,128.0,128.0,121.2424087524414
B,50,33,valence,44.0,123.4937744140625,118.29875183105469,118.29875183105469,97.53244018554688
B,50,33,arousal,175.0,127.8512954711914,127.8512954711914,127.8512954711914,119.7593002319336
B,50,34,valence,44.0,120.91451263427734,117.78289794921875,117.78289794921875,94.96686553955078
B,50,34,arousal,175.0,127.62147521972656,127.62147521972656,127.62147521972656,118.06287384033203
B,50,35,valence,44.0,118.02684783935547,116.55082702636719,116.55082702636719,92.28492736816406
B,50,35,arousal,175.0,127.31561279296875,127.31561279296875,127.31561279296875,116.15775299072266
B,50,36,valence,44.0,114.97354125976562,114.19471740722656,114.19471740722656,89.51058197021484
B,50,36,arousal,175.0,126.74107360839844,126.74107360839844,126.74107360839844,114.15644836425781
B,50,37,valence,44.0,111.63638305664062,104.58182525634766,104.58182525634766,86.67265319824219
B,50,37,arousal,175.0,126.1665267944336,126.1665267944336,126.1665267944336,112.10726165771484
B,50,38,valence,44.0,109.20899200439453,95.54360961914062,95.54360961914062,83.78675842285156
B,50,38,arousal,175.0,125.40947723388672,125.40947723388672,125.40947723388672,110.0667724609375
B,50,39,valence,44.0,106.76915740966797,92.5538330078125,92.5538330078125,80.8586196899414
B,50,39,arousal,175.0,124.84844970703125,124.84844970703125,124.84844970703125,108.15299987792969
B,50,40,valence,44.0,104.48505401611328,89.18791961669922,89.18791961669922,77.96267700195312
B,50,40,arousal,175.0,124.33445739746094,124.33445739746094,124.33445739746094,106.37351989746094
B,50,41,valence,44.0,103.42133331298828,85.48426818847656,85.48426818847656,75.09657287597656
B,50,41,arousal,175.0,123.30928802490234,123.30928802490234,123.30928802490234,104.79222869873047
B,50,42,valence,44.0,102.26888275146484,85.2537841796875,85.2537841796875,72.40498352050781
B,50,42,arousal,175.0,122.36860656738281,122.36860656738281,122.36860656738281,103.37470245361328
B,50,43,valence,44.0,100.41571807861328,83.70496368408203,83.70496368408203,70.01837921142578
B,50,43,arousal,175.0,121.45834350585938,121.45834350585938,121.45834350585938,102.22698211669922
B,50,44,valence,44.0,98.37019348144531,74.71404266357422,74.71404266357422,67.81487274169922
B,50,44,arousal,175.0,119.91101837158203,119.91101837158203,119.91101837158203,101.31906127929688
B,50,45,valence,44.0,96.2826919555664,70.45654296875,70.45654296875,65.8421630859375
B,50,45,arousal,175.0,118.28482818603516,118.28482818603516,118.28482818603516,100.66325378417969
B,50,46,valence,44.0,94.48686218261719,70.09737396240234,70.09737396240234,64.0519790649414
B,50,46,arousal,175.0,116.69243621826172,116.69243621826172,116.69243621826172,100.27128601074219
B,50,47,valence,44.0,92.49955749511719,69.69991302490234,69.69991302490234,62.41473388671875
B,50,47,arousal,175.0,114.72489929199219,114.72489929199219,114.72489929199219,100.02095794677734
B,50,48,valence,44.0,90.7182388305664,72.6600112915039,72.6600112915039,60.92332458496094
B,50,48,arousal,175.0,113.33078002929688,113.33078002929688,113.33078002929688,99.86231231689453
B,50,49,valence,44.0,89.06336212158203,78.6126708984375,78.6126708984375,59.62699508666992
B,50,49,arousal,175.0,112.16901397705078,112.16901397705078,112.16901397705078,99.75926208496094
B,50,50,valence,44.0,88.10554504394531,73.18474578857422,73.18474578857422,58.51608657836914
B,50,50,arousal,175.0,110.77489471435547,110.77489471435547,110.77489471435547,99.64813232421875
B,50,51,valence,44.0,87.0446548461914,68.60893249511719,68.60893249511719,57.56365203857422
B,50,51,arousal,175.0,109.89195251464844,109.89195251464844,109.89195251464844,99.52986907958984
B,50,52,valence,44.0,85.6395492553711,68.32791137695312,68.32791137695312,56.8170051574707
B,50,52,arousal,175.0,108.94902801513672,108.94902801513672,108.94902801513672,99.41312408447266
B,50,53,valence,44.0,84.14109802246094,68.0282211303711,68.0282211303711,56.198204040527344
B,50,53,arousal,175.0,107.962158203125,107.962158203125,107.962158203125,99.28203582763672
B,50,54,valence,44.0,83.13807678222656,67.8276138305664,67.8276138305664,55.617942810058594
B,50,54,arousal,175.0,107.53294372558594,107.53294372558594,107.53294372558594,99.03752136230469
B,50,55,valence,44.0,82.17794799804688,65.23558807373047,65.23558807373047,55.12555694580078
B,50,55,arousal,175.0,106.52668762207031,106.52668762207031,106.52668762207031,98.63519287109375
B,50,56,valence,44.0,81.20091247558594,61.040184020996094,61.040184020996094,54.71101379394531
B,50,56,arousal,175.0,105.6874008178711,105.6874008178711,105.6874008178711,98.0745620727539
B,50,57,valence,44.0,80.41748046875,60.88349533081055,60.88349533081055,54.45531463623047
B,50,57,arousal,175.0,105.21987915039062,105.21987915039062,105.21987915039062,97.33210754394531
B,50,58,valence,44.0,80.08524322509766,60.817047119140625,60.817047119140625,54.377166748046875
B,50,58,arousal,175.0,105.15707397460938,105.15707397460938,105.15707397460938,96.43405151367188
B,50,59,valence,44.0,79.8507308959961,60.770145416259766,60.770145416259766,54.45187759399414
B,50,59,arousal,175.0,105.11876678466797,105.11876678466797,105.11876678466797,95.46239471435547
B,50,60,valence,44.0,79.14950561523438,60.62990188598633,60.62990188598633,54.56507110595703
B,50,60,arousal,175.0,104.54004669189453,104.54004669189453,104.54004669189453,94.42845916748047
B,50,61,valence,44.0,77.35691833496094,60.271385192871094,60.271385192871094,54.70762634277344
B,50,61,arousal,175.0,103.99400329589844,103.99400329589844,103.99400329589844,93.37340545654297
B,50,62,valence,44.0,75.59741973876953,59.91948318481445,59.91948318481445,54.85678482055664
B,50,62,arousal,168.0,103.99400329589844,103.99400329589844,103.99400329589844,92.29560852050781
B,50,63,valence,44.0,73.82395935058594,59.56479263305664,59.56479263305664,54.981773376464844
B,50,63,arousal,125.0,102.79862213134766,102.79862213134766,102.79862213134766,91.17493438720703
B,50,64,valence,43.0,71.86459350585938,59.17292022705078,59.17292022705078,55.08559036254883
B,50,64,arousal,112.0,102.25257110595703,102.25257110595703,102.25257110595703,90.04161834716797
B,50,65,valence,43.0,70.25745391845703,58.85149002075195,58.85149002075195,55.18665313720703
B,50,65,arousal,110.0,101.50092315673828,101.50092315673828,101.50092315673828,88.95565795898438
B,50,66,valence,43.0,69.39643859863281,58.67928695678711,58.67928695678711,55.27110290527344
B,50,66,arousal,105.0,100.6810531616211,100.6810531616211,100.6810531616211,88.01673889160156
B,50,67,valence,43.0,68.23152160644531,58.44630432128906,58.44630432128906,55.33843231201172
B,50,67,arousal,105.0,100.50332641601562,100.50332641601562,100.50332641601562,87.15238952636719
B,50,68,valence,43.0,68.01178741455078,58.40235900878906,58.40235900878906,55.345359802246094
B,50,68,arousal,105.0,100.17071533203125,100.17071533203125,100.17071533203125,86.37858581542969
B,50,69,valence,43.0,67.73176574707031,58.346351623535156,58.346351623535156,55.286651611328125
B,50,69,arousal,105.0,99.90006256103516,99.90006256103516,99.90006256103516,85.76737213134766
B,50,70,valence,43.0,67.29375457763672,56.94966125488281,56.94966125488281,55.222190856933594
B,50,70,arousal,105.0,100.41813659667969,100.41813659667969,100.41813659667969,85.3387680053711
B,50,71,valence,43.0,66.817138671875,55.763427734375,55.763427734375,55.212158203125
B,50,71,arousal,105.0,99.28924560546875,99.28924560546875,99.28924560546875,85.12440490722656
B,50,72,valence,43.0,65.87225341796875,46.774452209472656,46.774452209472656,55.288291931152344
B,50,72,arousal,105.0,97.21714782714844,97.21714782714844,97.21714782714844,85.09123229980469
B,50,73,valence,43.0,64.54736328125,46.50947570800781,46.50947570800781,55.465335845947266
B,50,73,arousal,105.0,95.16173553466797,95.16173553466797,95.16173553466797,85.2396240234375
B,50,74,valence,43.0,63.99616241455078,46.399234771728516,46.399234771728516,55.742591857910156
B,50,74,arousal,105.0,93.33954620361328,93.33954620361328,93.33954620361328,85.57540893554688
B,50,75,valence,43.0,63.568885803222656,52.713775634765625,52.713775634765625,56.10980987548828
B,50,75,arousal,105.0,91.72591400146484,91.72591400146484,91.72591400146484,86.07832336425781
B,50,76,valence,43.0,63.03913497924805,55.00782775878906,55.00782775878906,56.56586837768555
B,50,76,arousal,105.0,90.49939727783203,90.49939727783203,90.49939727783203,86.68223571777344
B,50,77,valence,43.0,62.41398620605469,54.88279724121094,54.88279724121094,57.043617248535156
B,50,77,arousal,105.0,89.25450134277344,89.25450134277344,89.25450134277344,87.33026123046875
B,50,78,valence,43.0,61.97970199584961,54.44685363769531,54.44685363769531,57.53294372558594
B,50,78,arousal,105.0,88.73823547363281,88.73823547363281,88.73823547363281,88.1722412109375
B,50,79,valence,43.0,61.514739990234375,48.5211296081543,48.5211296081543,58.03385925292969
B,50,79,arousal,105.0,89.30831909179688,89.30831909179688,89.30831909179688,89.20721435546875
B,50,80,valence,43.0,60.94368362426758,45.06146240234375,45.06146240234375,58.546356201171875
B,50,80,arousal,105.0,90.23433685302734,90.23433685302734,90.23433685302734,90.3240966796875
B,50,81,valence,43.0,60.76759719848633,43.586246490478516,43.586246490478516,58.98772048950195
B,50,81,arousal,105.0,91.0322494506836,91.0322494506836,91.0322494506836,91.41574096679688
B,50,82,valence,43.0,60.700653076171875,44.94013214111328,44.94013214111328,59.351951599121094
B,50,82,arousal,105.0,91.19522857666016,91.19522857666016,91.19522857666016,92.40325164794922
B,50,83,valence,43.0,60.95765686035156,44.99153137207031,44.99153137207031,59.61944580078125
B,50,83,arousal,105.0,91.17393493652344,91.17393493652344,91.17393493652344,93.28761291503906
B,50,84,valence,43.0,61.12455368041992,45.02490997314453,45.02490997314453,59.78083038330078
B,50,84,arousal,105.0,91.0259017944336,91.0259017944336,91.0259017944336,94.06864166259766
B,50,85,valence,43.0,61.07865905761719,45.01573181152344,45.01573181152344,59.83753204345703
B,50,85,arousal,105.0,90.78721618652344,90.78721618652344,90.78721618652344,94.73567199707031
B,50,86,valence,43.0,60.21446228027344,45.104713439941406,45.104713439941406,59.79505920410156
B,50,86,arousal,105.0,89.44283294677734,89.44283294677734,89.44283294677734,95.29714965820312
B,50,87,valence,43.0,59.03171920776367,45.40634536743164,45.40634536743164,59.64967727661133
B,50,87,arousal,97.0,87.55239868164062,87.55239868164062,87.55239868164062,95.78504943847656
B,50,88,valence,43.0,58.01298904418945,45.202598571777344,45.202598571777344,59.46995162963867
B,50,88,arousal,97.0,85.82255554199219,85.82255554199219,85.82255554199219,96.24051666259766
B,50,89,valence,43.0,57.052188873291016,45.272254943847656,45.272254943847656,59.238590240478516
B,50,89,arousal,97.0,84.26270294189453,84.26270294189453,84.26270294189453,96.49337768554688
B,50,90,valence,43.0,56.841773986816406,52.168357849121094,52.168357849121094,58.955596923828125
B,50,90,arousal,97.0,83.31111907958984,83.31111907958984,83.31111907958984,96.52902221679688
B,50,91,valence,43.0,56.596561431884766,52.11931228637695,52.11931228637695,58.620967864990234
B,50,91,arousal,97.0,82.04254150390625,82.04254150390625,82.04254150390625,96.40061950683594
B,50,92,valence,43.0,55.997833251953125,53.19229507446289,53.19229507446289,58.23747253417969
B,50,92,arousal,97.0,80.03429412841797,80.03429412841797,80.03429412841797,96.1387710571289
B,50,93,valence,43.0,56.23923873901367,53.647850036621094,53.647850036621094,57.80811309814453
B,50,93,arousal,97.0,79.77198791503906,79.77198791503906,79.77198791503906,95.7741928100586
B,50,94,valence,43.0,56.40199279785156,48.3858528137207,48.3858528137207,57.33587646484375
B,50,94,arousal,97.0,79.69772338867188,79.69772338867188,79.69772338867188,95.34077453613281
B,50,95,valence,43.0,56.08595657348633,40.81719207763672,40.81719207763672,56.834991455078125
B,50,95,arousal,97.0,79.87615966796875,79.87615966796875,79.87615966796875,94.83851623535156
B,50,96,valence,43.0,55.711002349853516,40.74220275878906,40.74220275878906,56.304752349853516
B,50,96,arousal,97.0,80.05894470214844,80.05894470214844,80.05894470214844,94.25370788574219
B,50,97,valence,43.0,54.81144714355469,40.56229019165039,40.56229019165039,55.75287628173828
B,50,97,arousal,97.0,80.18387603759766,80.18387603759766,80.18387603759766,93.58261108398438
B,50,98,valence,43.0,54.24027633666992,40.448055267333984,40.448055267333984,55.181617736816406
B,50,98,arousal,97.0,80.39685821533203,80.39685821533203,80.39685821533203,92.82732391357422
B,50,99,valence,43.0,53.73116683959961,40.34623336791992,40.34623336791992,54.56700897216797
B,50,99,arousal,97.0,80.54737854003906,80.54737854003906,80.54737854003906,91.94108581542969
B,50,100,valence,43.0,53.22426223754883,40.24485397338867,40.24485397338867,53.95151138305664
B,50,100,arousal,97.0,80.720703125,80.720703125,80.720703125,91.09222412109375
B,50,101,valence,43.0,52.73514938354492,40.147029876708984,40.147029876708984,53.362342834472656
B,50,101,arousal,97.0,80.77226257324219,80.77226257324219,80.77226257324219,90.33319854736328
B,50,102,valence,43.0,52.669925689697266,40.13398742675781,40.13398742675781,52.78519058227539
B,50,102,arousal,97.0,80.7005615234375,80.7005615234375,80.7005615234375,89.6567153930664
B,50,103,valence,43.0,52.60741424560547,40.121482849121094,40.121482849121094,52.281715393066406
B,50,103,arousal,97.0,80.30213928222656,80.30213928222656,80.30213928222656,89.06526184082031
B,50,104,valence,43.0,52.62842559814453,40.12568664550781,40.12568664550781,51.84428405761719
B,50,104,arousal,97.0,79.77796936035156,79.77796936035156,79.77796936035156,88.55335998535156
B,50,105,valence,43.0,52.539947509765625,40.10799026489258,40.10799026489258,51.466285705566406
B,50,105,arousal,97.0,79.25379180908203,79.25379180908203,79.25379180908203,88.07568359375
B,50,106,valence,43.0,52.45109939575195,40.0902214050293,40.0902214050293,51.136695861816406
B,50,106,arousal,97.0,78.7296142578125,78.7296142578125,78.7296142578125,87.62303924560547
B,50,107,valence,43.0,52.4019660949707,40.08039474487305,40.08039474487305,50.85423278808594
B,50,107,arousal,97.0,78.28155517578125,78.28155517578125,78.28155517578125,87.23477172851562
B,50,108,valence,43.0,52.78842544555664,40.157684326171875,40.157684326171875,50.612064361572266
B,50,108,arousal,97.0,77.85440826416016,77.85440826416016,77.85440826416016,86.91709899902344
B,50,109,valence,43.0,53.149139404296875,40.229827880859375,40.229827880859375,50.413333892822266
B,50,109,arousal,97.0,77.85906982421875,77.85906982421875,77.85906982421875,86.67811584472656
B,50,110,valence,43.0,53.471763610839844,40.29435348510742,40.29435348510742,50.26680374145508
B,50,110,arousal,97.0,77.513916015625,77.513916015625,77.513916015625,86.57119750976562
C,75,0,valence,128.0,129.375,128.27499389648438,128.27499389648438,123.68050384521484
C,75,0,arousal,128.0,128.0,128.0,128.0,129.26133728027344
C,75,1,valence,128.0,130.79348754882812,128.55870056152344,128.55870056152344,124.14215087890625
C,75,1,arousal,128.0,128.0,128.0,128.0,129.33860778808594
C,75,2,valence,128.0,132.75454711914062,128.95091247558594,128.95091247558594,124.76142120361328
C,75,2,arousal,128.0,128.0,128.0,128.0,129.39111328125
C,75,3,valence,128.0,134.49847412109375,129.29969787597656,129.29969787597656,125.40946960449219
C,75,3,arousal,128.0,128.0,128.0,128.0,129.42013549804688
C,75,4,valence,128.0,136.4707794189453,129.79151916503906,129.79151916503906,126.36674499511719
C,75,4,arousal,128.0,128.28570556640625,128.05714416503906,128.05714416503906,129.4357147216797
C,75,5,valence,128.0,138.874267578125,130.35543823242188,130.35543823242188,127.57351684570312
C,75,5,arousal,128.0,128.6708984375,128.13418579101562,128.13418579101562,129.436767578125
C,75,6,valence,128.0,141.95925903320312,131.11294555664062,131.11294555664062,128.64312744140625
C,75,6,arousal,128.0,129.81936645507812,128.36387634277344,128.36387634277344,129.41983032226562
C,75,7,valence,128.0,146.00030517578125,131.94564819335938,131.94564819335938,129.8979034423828
C,75,7,arousal,128.0,130.9861297607422,128.59722900390625,128.59722900390625,129.39488220214844
C,75,8,valence,128.0,149.96664428710938,133.65072631835938,133.65072631835938,131.1751708984375
C,75,8,arousal,128.0,132.25856018066406,128.85171508789062,128.85171508789062,129.36085510253906
C,75,9,valence,122.0,154.32408142089844,139.66770935058594,139.66770935058594,132.52239990234375
C,75,9,arousal,164.0,133.8648223876953,129.1729736328125,129.1729736328125,129.35467529296875
C,75,10,valence,122.0,159.07763671875,156.70567321777344,156.70567321777344,134.1236572265625
C,75,10,arousal,164.0,135.50059509277344,129.5001220703125,129.5001220703125,129.55311584472656
C,75,11,valence,122.0,163.64285278320312,162.3629913330078,162.3629913330078,135.9136962890625
C,75,11,arousal,164.0,136.85064697265625,129.84286499023438,129.84286499023438,129.95114135742188
C,75,12,valence,122.0,166.5035400390625,162.95106506347656,162.95106506347656,137.71282958984375
C,75,12,arousal,164.0,138.4636993408203,130.29273986816406,130.29273986816406,130.51927185058594
C,75,13,valence,122.0,169.01535034179688,164.6488800048828,164.6488800048828,139.51390075683594
C,75,13,arousal,195.0,139.7196044921875,130.54391479492188,130.54391479492188,131.1730499267578
C,75,14,valence,129.0,171.70217895507812,165.1923828125,165.1923828125,141.23121643066406
C,75,14,arousal,195.0,140.95571899414062,132.6093292236328,132.6093292236328,131.92840576171875
C,75,15,valence,131.0,174.7803955078125,166.74668884277344,166.74668884277344,143.0306396484375
C,75,15,arousal,195.0,142.39935302734375,133.87986755371094,133.87986755371094,132.82467651367188
C,75,16,valence,131.0,176.63015747070312,170.72108459472656,170.72108459472656,144.89852905273438
C,75,16,arousal,195.0,144.50767517089844,134.30154418945312,134.30154418945312,134.0102081298828
C,75,17,valence,131.0,177.96575927734375,170.9882049560547,170.9882049560547,146.76565551757812
C,75,17,arousal,195.0,147.02066040039062,135.845458984375,135.845458984375,135.55242919921875
C,75,18,valence,131.0,179.14077758789062,171.22320556640625,171.22320556640625,148.5318603515625
C,75,18,arousal,195.0,149.60537719726562,143.32107543945312,143.32107543945312,137.43333435058594
C,75,19,valence,174.0,180.30963134765625,174.74310302734375,174.74310302734375,150.28579711914062
C,75,19,arousal,195.0,152.0292205810547,145.41741943359375,145.41741943359375,139.65086364746094
C,75,20,valence,174.0,181.56463623046875,175.28111267089844,175.28111267089844,151.99122619628906
C,75,20,arousal,195.0,154.0717315673828,147.21435546875,147.21435546875,142.1298828125
C,75,21,valence,181.0,182.6874237060547,175.90286254882812,175.90286254882812,153.35556030273438
C,75,21,arousal,195.0,156.49851989746094,147.69970703125,147.69970703125,144.50091552734375
C,75,22,valence,151.0,183.54869079589844,176.07510375976562,176.07510375976562,154.6321563720703
C,75,22,arousal,225.0,158.5357208251953,152.30714416503906,152.30714416503906,146.7955322265625
C,75,23,valence,141.0,184.4141082763672,176.255615234375,176.255615234375,156.02548217773438
C,75,23,arousal,243.0,159.361572265625,152.47232055664062,152.47232055664062,148.94808959960938
C,75,24,valence,205.0,185.43505859375,176.53402709960938,176.53402709960938,157.3204345703125
C,75,24,arousal,255.0,160.6614532470703,152.73228454589844,152.73228454589844,151.24981689453125
C,75,25,valence,207.0,186.40231323242188,178.89956665039062,178.89956665039062,158.48330688476562
C,75,25,arousal,255.0,162.10418701171875,162.20431518554688,162.20431518554688,153.68954467773438
C,75,26,valence,207.0,187.43447875976562,179.59706115722656,179.59706115722656,159.3946533203125
C,75,26,arousal,255.0,163.44894409179688,162.5526123046875,162.5526123046875,156.22274780273438
C,75,27,valence,207.0,188.44569396972656,181.67160034179688,181.67160034179688,160.1739501953125
C,75,27,arousal,255.0,164.8816375732422,162.97633361816406,162.97633361816406,158.55136108398438
C,75,28,valence,207.0,189.53216552734375,182.40472412109375,182.40472412109375,161.0664520263672
C,75,28,arousal,255.0,165.85595703125,163.25714111328125,163.25714111328125,160.5458526611328
C,75,29,valence,207.0,190.71810913085938,183.23019409179688,183.23019409179688,161.822265625
C,75,29,arousal,255.0,166.8580322265625,164.47409057617188,164.47409057617188,162.2150115966797
C,75,30,valence,207.0,191.888427734375,183.46426391601562,183.46426391601562,162.00442504882812
C,75,30,arousal,255.0,168.19155883789062,165.038330078125,165.038330078125,163.57498168945312
C,75,31,valence,207.0,192.99203491210938,184.65138244628906,184.65138244628906,162.3614501953125
C,75,31,arousal,255.0,170.09327697753906,165.6996612548828,165.6996612548828,164.67971801757812
C,75,32,valence,207.0,193.99734497070312,185.2687225341797,185.2687225341797,162.80531311035156
C,75,32,arousal,255.0,172.30520629882812,166.41641235351562,166.41641235351562,165.7078857421875
C,75,33,valence,207.0,195.087646484375,187.2645263671875,187.2645263671875,163.53921508789062
C,75,33,arousal,223.0,173.9545440673828,167.64544677734375,167.64544677734375,166.62884521484375
C,75,34,valence,189.0,196.1815185546875,188.55746459960938,188.55746459960938,164.35670471191406
C,75,34,arousal,223.0,175.64166259765625,169.01593017578125,169.01593017578125,167.59678649902344
C,75,35,valence,150.0,197.13784790039062,191.6306610107422,191.6306610107422,165.38897705078125
C,75,35,arousal,217.0,177.40850830078125,169.06683349609375,169.06683349609375,168.43759155273438
C,75,36,valence,150.0,198.02952575683594,192.9185028076172,192.9185028076172,166.63418579101562
C,75,36,arousal,187.0,178.92678833007812,170.58535766601562,170.58535766601562,169.18536376953125
C,75,37,valence,150.0,198.5363006591797,194.16419982910156,194.16419982910156,168.13079833984375
C,75,37,arousal,187.0,179.9545440673828,170.79090881347656,170.79090881347656,169.79074096679688
C,75,38,valence,150.0,198.90408325195312,196.20159912109375,196.20159912109375,169.67050170898438
C,75,38,arousal,187.0,180.72433471679688,172.97462463378906,172.97462463378906,170.37728881835938
C,75,39,valence,150.0,199.24705505371094,194.6246795654297,194.6246795654297,171.25144958496094
C,75,39,arousal,187.0,180.71429443359375,175.14285278320312,175.14285278320312,171.0014190673828
C,75,40,valence,150.0,200.00502014160156,194.77627563476562,194.77627563476562,172.83969116210938
C,75,40,arousal,187.0,181.5357208251953,176.52203369140625,176.52203369140625,171.63790893554688
C,75,41,valence,150.0,200.65643310546875,197.74700927734375,197.74700927734375,174.419921875
C,75,41,arousal,174.0,182.77362060546875,177.34317016601562,177.34317016601562,172.26036071777344
C,75,42,valence,150.0,201.5445556640625,201.00997924804688,201.00997924804688,175.76397705078125
C,75,42,arousal,174.0,183.50473022460938,175.70094299316406,175.70094299316406,172.83876037597656
C,75,43,valence,136.0,202.5498809814453,201.21104431152344,201.21104431152344,176.8889617919922
C,75,43,arousal,148.0,183.83087158203125,179.58932495117188,179.58932495117188,173.45037841796875
C,75,44,valence,136.0,203.3019561767578,203.13919067382812,203.13919067382812,177.90528869628906
C,75,44,arousal,148.0,184.6136474609375,180.1227264404297,180.1227264404297,174.09881591796875
C,75,45,valence,136.0,203.92974853515625,203.26475524902344,203.26475524902344,178.67169189453125
C,75,45,arousal,148.0,185.45098876953125,182.09019470214844,182.09019470214844,174.70712280273438
C,75,46,valence,136.0,204.73611450195312,206.388916015625,206.388916015625,179.3167266845703
C,75,46,arousal,148.0,186.06759643554688,184.8135223388672,184.8135223388672,175.282470703125
C,75,47,valence,136.0,205.38931274414062,206.52249145507812,206.52249145507812,179.79995727539062
C,75,47,arousal,148.0,186.5303955078125,180.36392211914062,180.36392211914062,175.76153564453125
C,75,48,valence,136.0,205.63165283203125,208.5689239501953,208.5689239501953,180.1728515625
C,75,48,arousal,148.0,187.41470336914062,184.48294067382812,184.48294067382812,176.2223358154297
C,75,49,valence,136.0,206.3025360107422,205.94647216796875,205.94647216796875,180.4463348388672
C,75,49,arousal,148.0,188.31582641601562,184.6631622314453,184.6631622314453,176.72622680664062
C,75,50,valence,175.0,206.86630249023438,208.80010986328125,208.80010986328125,180.71014404296875
C,75,50,arousal,152.0,188.74942016601562,184.7498779296875,184.7498779296875,177.28988647460938
C,75,51,valence,175.0,207.1800537109375,208.86285400390625,208.86285400390625,180.88584899902344
C,75,51,arousal,152.0,188.88165283203125,183.5763397216797,183.5763397216797,177.9694061279297
C,75,52,valence,175.0,207.13165283203125,203.51995849609375,203.51995849609375,181.0406036376953
C,75,52,arousal,152.0,188.75411987304688,183.62025451660156,183.62025451660156,178.80906677246094
C,75,53,valence,175.0,206.68417358398438,203.4304656982422,203.4304656982422,181.25286865234375
C,75,53,arousal,152.0,189.21075439453125,183.04214477539062,183.04214477539062,179.85665893554688
C,75,54,valence,194.0,206.23818969726562,202.81784057617188,202.81784057617188,181.53369140625
C,75,54,arousal,154.0,189.60330200195312,187.3206787109375,187.3206787109375,180.97882080078125
C,75,55,valence,194.0,206.3636474609375,202.0430450439453,202.0430450439453,181.78146362304688
C,75,55,arousal,154.0,189.99351501464844,185.5987091064453,185.5987091064453,182.20126342773438
C,75,56,valence,194.0,206.06051635742188,207.31564331054688,207.31564331054688,182.09136962890625
C,75,56,arousal,154.0,190.41824340820312,183.2406768798828,183.2406768798828,183.52767944335938
C,75,57,valence,194.0,205.9102783203125,207.28558349609375,207.28558349609375,182.44825744628906
C,75,57,arousal,154.0,190.99794006347656,182.8326416015625,182.8326416015625,184.90914916992188
C,75,58,valence,194.0,206.27745056152344,207.36094665527344,207.36094665527344,182.86294555664062
C,75,58,arousal,154.0,191.30047607421875,186.6601104736328,186.6601104736328,186.39144897460938
C,75,59,valence,194.0,206.59503173828125,207.427490234375,207.427490234375,183.4468994140625
C,75,59,arousal,158.0,191.40435791015625,187.9618682861328,187.9618682861328,187.95118713378906
C,75,60,valence,194.0,206.94125366210938,207.49673461914062,207.49673461914062,184.11741638183594
C,75,60,arousal,158.0,191.16116333007812,188.03224182128906,188.03224182128906,189.54530334472656
C,75,61,valence,194.0,207.30874633789062,207.37269592285156,207.37269592285156,184.73866271972656
C,75,61,arousal,193.0,191.4566192626953,188.09132385253906,188.09132385253906,191.13955688476562
C,75,62,valence,194.0,207.3547821044922,207.5291290283203,207.5291290283203,185.4639892578125
C,75,62,arousal,193.0,191.5985870361328,186.9197235107422,186.9197235107422,192.69839477539062
C,75,63,valence,194.0,207.4008331298828,207.6183319091797,207.6183319091797,186.4075927734375
C,75,63,arousal,101.0,192.3211212158203,187.46090698242188,187.46090698242188,194.15359497070312
C,75,64,valence,105.0,207.07142639160156,207.55245971679688,207.55245971679688,187.32472229003906
C,75,64,arousal,87.0,192.6289825439453,188.72579956054688,188.72579956054688,195.44534301757812
C,75,65,valence,105.0,206.86480712890625,206.32595825195312,206.32595825195312,188.2469024658203
C,75,65,arousal,87.0,192.50767517089844,187.5015411376953,187.5015411376953,196.64480590820312
C,75,66,valence,105.0,206.74349975585938,207.450927734375,207.450927734375,189.0828094482422
C,75,66,arousal,108.0,192.30194091796875,187.35130310058594,187.35130310058594,197.71475219726562
C,75,67,valence,105.0,206.6221923828125,206.07992553710938,206.07992553710938,189.81756591796875
C,75,67,arousal,78.0,192.2405548095703,186.84811401367188,186.84811401367188,198.67266845703125
C,75,68,valence,105.0,206.50088500976562,206.0556640625,206.0556640625,190.47476196289062
C,75,68,arousal,69.0,192.708984375,186.94180297851562,186.94180297851562,199.56515502929688
C,75,69,valence,111.0,206.4418487548828,206.04385375976562,206.04385375976562,191.08786010742188
C,75,69,arousal,60.0,193.72698974609375,187.14541625976562,187.14541625976562,200.36260986328125
C,75,70,valence,111.0,206.4512939453125,206.07540893554688,206.07540893554688,191.45135498046875
C,75,70,arousal,60.0,193.92355346679688,187.6458740234375,187.6458740234375,201.0555877685547
C,75,71,valence,133.0,207.05519104003906,206.3937225341797,206.3937225341797,191.71609497070312
C,75,71,arousal,62.0,194.1617431640625,182.33319091796875,182.33319091796875,201.6632080078125
C,75,72,valence,150.0,207.52952575683594,206.48858642578125,206.48858642578125,191.92221069335938
C,75,72,arousal,70.0,194.19332885742188,181.8386688232422,181.8386688232422,202.2373046875
C,75,73,valence,150.0,207.57144165039062,206.49697875976562,206.49697875976562,192.09461975097656
C,75,73,arousal,70.0,193.93801879882812,181.78759765625,181.78759765625,202.78311157226562
C,75,74,valence,150.0,207.5230255126953,202.26905822753906,202.26905822753906,192.23648071289062
C,75,74,arousal,70.0,193.66793823242188,181.73358154296875,181.73358154296875,203.32861328125
C,75,75,valence,150.0,207.55992126464844,202.15509033203125,202.15509033203125,192.37844848632812
C,75,75,arousal,70.0,193.36953735351562,181.37307739257812,181.37307739257812,203.8865203857422
C,75,76,valence,166.0,207.59976196289062,202.1742401123047,202.1742401123047,192.502197265625
C,75,76,arousal,86.0,193.03541564941406,181.60708618164062,181.60708618164062,204.42686462402344
C,75,77,valence,166.0,207.57467651367188,202.1763153076172,202.1763153076172,192.60772705078125
C,75,77,arousal,86.0,192.91558837890625,180.98312377929688,180.98312377929688,204.9603271484375
C,75,78,valence,166.0,207.60595703125,202.17669677734375,202.17669677734375,192.83047485351562
C,75,78,arousal,86.0,192.76004028320312,179.15200805664062,179.15200805664062,205.49139404296875
C,75,79,valence,166.0,207.5292205810547,201.62271118164062,201.62271118164062,193.06124877929688
C,75,79,arousal,91.0,192.50885009765625,178.50177001953125,178.50177001953125,206.0203094482422
C,75,80,valence,170.0,207.74026489257812,201.79196166992188,201.79196166992188,193.28567504882812
C,75,80,arousal,107.0,192.341796875,178.17416381835938,178.17416381835938,206.52694702148438
C,75,81,valence,170.0,207.8975830078125,202.27487182617188,202.27487182617188,193.51463317871094
C,75,81,arousal,107.0,192.2142791748047,178.64285278320312,178.64285278320312,207.03857421875
C,75,82,valence,198.0,208.0628662109375,202.4793701171875,202.4793701171875,193.74578857421875
C,75,82,arousal,107.0,192.07142639160156,178.82586669921875,178.82586669921875,207.53329467773438
C,75,83,valence,198.0,208.30165100097656,201.93453979492188,201.93453979492188,193.97727966308594
C,75,83,arousal,103.0,192.0303955078125,179.00608825683594,179.00608825683594,207.98765563964844
C,75,84,valence,198.0,208.46575927734375,201.96737670898438,201.96737670898438,194.20904541015625
C,75,84,arousal,103.0,192.27183532714844,179.05438232421875,179.05438232421875,208.4016876220703
C,75,85,valence,198.0,208.62692260742188,202.59217834472656,202.59217834472656,194.44561767578125
C,75,85,arousal,103.0,192.57704162597656,179.11541748046875,179.11541748046875,208.80271911621094
C,75,86,valence,198.0,208.67857360839844,202.60250854492188,202.60250854492188,194.67913818359375
C,75,86,arousal,103.0,192.83383178710938,180.96678161621094,180.96678161621094,209.20326232910156
C,75,87,valence,198.0,208.67857360839844,202.60250854492188,202.60250854492188,194.88609313964844
C,75,87,arousal,103.0,193.06080627441406,181.01217651367188,181.01217651367188,209.61245727539062
C,75,88,valence,198.0,208.80844116210938,202.68043518066406,202.68043518066406,195.0935516357422
C,75,88,arousal,103.0,193.32791137695312,181.0655975341797,181.0655975341797,210.03199768066406
C,75,89,valence,198.0,209.04368591308594,202.69036865234375,202.69036865234375,195.30081176757812
C,75,89,arousal,103.0,193.3152313232422,181.06304931640625,181.06304931640625,210.38629150390625
C,75,90,valence,198.0,209.2432098388672,203.2704620361328,203.2704620361328,195.50323486328125
C,75,90,arousal,103.0,193.17591857910156,181.03518676757812,181.03518676757812,210.6344757080078
C,75,91,valence,198.0,209.4070281982422,202.99766540527344,202.99766540527344,195.64376831054688
C,75,91,arousal,103.0,193.03659057617188,178.60731506347656,178.60731506347656,210.84605407714844
C,75,92,valence,198.0,209.57083129882812,203.03042602539062,203.03042602539062,195.72442626953125
C,75,92,arousal,103.0,192.82586669921875,178.56517028808594,178.56517028808594,210.9948272705078
C,75,93,valence,198.0,209.47962951660156,203.01217651367188,203.01217651367188,195.78448486328125
C,75,93,arousal,103.0,192.6151123046875,178.5230255126953,178.5230255126953,211.10748291015625
C,75,94,valence,217.0,209.24440002441406,202.9651336669922,202.9651336669922,195.82626342773438
C,75,94,arousal,184.0,192.45040893554688,178.49008178710938,178.49008178710938,211.17144775390625
C,75,95,valence,219.0,209.0091552734375,202.37612915039062,202.37612915039062,195.7387237548828
C,75,95,arousal,206.0,192.2511749267578,178.4502410888672,178.4502410888672,211.1868896484375
C,75,96,valence,219.0,208.8096160888672,202.08807373046875,202.08807373046875,195.63369750976562
C,75,96,arousal,206.0,191.80609130859375,179.76123046875,179.76123046875,211.1203155517578
C,75,97,valence,219.0,208.64581298828125,202.64791870117188,202.64791870117188,195.50442504882812
C,75,97,arousal,206.0,191.58766174316406,179.71754455566406,179.71754455566406,210.97903442382812
C,75,98,valence,219.0,208.55136108398438,202.6290283203125,202.6290283203125,195.3826446533203
C,75,98,arousal,206.0,191.43743896484375,177.8874969482422,177.8874969482422,210.79208374023438
C,75,99,valence,219.0,208.37986755371094,202.5947265625,202.5947265625,195.23883056640625
C,75,99,arousal,206.0,191.42857360839844,177.88572692871094,177.88572692871094,210.531982421875
C,75,100,valence,219.0,208.27450561523438,202.5736541748047,202.5736541748047,195.07244873046875
C,75,100,arousal,206.0,191.42857360839844,179.68572998046875,179.68572998046875,210.2465057373047
C,75,101,valence,219.0,208.17857360839844,202.55445861816406,202.55445861816406,194.27505493164062
C,75,101,arousal,206.0,191.50473022460938,177.9009552001953,177.9009552001953,209.99407958984375
C,75,102,valence,219.0,208.17857360839844,202.55445861816406,202.55445861816406,193.66400146484375
C,75,102,arousal,206.0,191.4259033203125,177.88519287109375,177.88519287109375,209.74026489257812
C,75,103,valence,219.0,208.14285278320312,201.94589233398438,201.94589233398438,193.3633575439453
C,75,103,arousal,206.0,191.44686889648438,180.03317260742188,180.03317260742188,209.49342346191406
C,75,104,valence,219.0,208.10714721679688,202.518310546875,202.518310546875,192.9671630859375
C,75,104,arousal,206.0,191.5985870361328,180.11972045898438,180.11972045898438,209.22341918945312
C,75,105,valence,219.0,208.07142639160156,204.8878631591797,204.8878631591797,192.75009155273438
C,75,105,arousal,206.0,191.83648681640625,180.16729736328125,180.16729736328125,208.94775390625
C,75,106,valence,219.0,208.0,204.88076782226562,204.88076782226562,192.6661376953125
C,75,106,arousal,206.0,192.3125762939453,180.26251220703125,180.26251220703125,208.666259765625
C,75,107,valence,219.0,208.02804565429688,204.89434814453125,204.89434814453125,192.67697143554688
C,75,107,arousal,206.0,192.99172973632812,180.39834594726562,180.39834594726562,208.38380432128906
C,75,108,valence,219.0,207.94186401367188,202.34060668945312,202.34060668945312,193.4120635986328
C,75,108,arousal,206.0,193.40525817871094,180.98684692382812,180.98684692382812,208.0992431640625
C,75,109,valence,219.0,208.21104431152344,202.75030517578125,202.75030517578125,194.13568115234375
C,75,109,arousal,206.0,193.76092529296875,181.15219116210938,181.15219116210938,207.78961181640625
C,75,110,valence,219.0,208.46429443359375,203.33489990234375,203.33489990234375,194.9783935546875
C,75,110,arousal,206.0,193.97726440429688,181.7954559326172,181.7954559326172,207.521240234375
C,75,111,valence,219.0,208.80874633789062,203.40736389160156,203.40736389160156,196.23338317871094
C,75,111,arousal,206.0,194.11984252929688,181.823974609375,181.823974609375,207.30245971679688
C,75,112,valence,219.0,209.00856018066406,202.12786865234375,202.12786865234375,197.50428771972656
C,75,112,arousal,206.0,194.35389709472656,183.6707763671875,183.6707763671875,207.10935974121094
C,75,113,valence,219.0,208.95602416992188,202.11737060546875,202.11737060546875,198.84622192382812
C,75,113,arousal,206.0,194.69155883789062,183.90359497070312,183.90359497070312,206.93768310546875
C,75,114,valence,219.0,208.94332885742188,202.07315063476562,202.07315063476562,200.08010864257812
C,75,114,arousal,206.0,194.994384765625,184.13278198242188,184.13278198242188,206.78407287597656
C,75,115,valence,219.0,209.42591857910156,202.61297607421875,202.61297607421875,201.22793579101562
C,75,115,arousal,206.0,195.26712036132812,184.65342712402344,184.65342712402344,206.6617889404297
C,75,116,valence,219.0,209.62278747558594,202.66358947753906,202.66358947753906,202.28475952148438
C,75,116,arousal,206.0,195.50177001953125,184.7003631591797,184.7003631591797,206.56236267089844
C,75,117,valence,219.0,209.8043212890625,202.91175842285156,202.91175842285156,203.0157928466797
C,75,117,arousal,206.0,195.78570556640625,184.75714111328125,184.75714111328125,206.48638916015625
C,75,118,valence,218.0,209.97402954101562,202.98280334472656,202.98280334472656,203.56114196777344
C,75,118,arousal,181.0,196.07998657226562,184.81600952148438,184.81600952148438,206.44613647460938
C,75,119,valence,166.0,210.1776885986328,203.02352905273438,203.02352905273438,204.10067749023438
C,75,119,arousal,151.0,196.55169677734375,184.91033935546875,184.91033935546875,206.43862915039062
C,75,120,valence,166.0,210.33883666992188,203.05575561523438,203.05575561523438,204.5706329345703
C,75,120,arousal,151.0,196.7855987548828,187.8397674560547,187.8397674560547,206.48248291015625
C,75,121,valence,181.0,210.5,203.08799743652344,203.08799743652344,204.96633911132812
C,75,121,arousal,154.0,197.09820556640625,192.2196502685547,192.2196502685547,206.5249786376953
